No,Request Date,Tutor Name,Students,Subject,Planned Date,"Starting Time
24 hour Format",Planned Duration,Location,Approved,Approval,IN,OUT,Duration,"Recording of teaching
26/27",Tutor Comments
1,31/07/2026,Tiana,Michael,AS Physics,31/07/2026,17:00,1 hour,ONLINE,TRUE,Tiana,17:00,18:26,1:26:00,TRUE,"AS Level physics, basic units and SI units. Practice with a few past paper questions"
2,08/08/2026,Kaito,Calvin,AS computer science,06/08/2026,17:00,30 mins,ONLINE,TRUE,Tubi,17:00,18:35,1:35:00,TRUE,"1.1 Data representation, 1.2 Multimedia, 1.3 FIle compression "
3,08/08/2026,Aurelia,Aiyana,AS Biology,08/08/2026,16:00,1 hour,ONLINE,TRUE,Tiana,16:05,17:37,1:32:00,FALSE,"Covered microscopes and related calculations, as well as animal cell structure; practice questions."
4,10/08/2026,Aurelia,Bintang,A Level Biology,10/08/2026,15:15,1 hour,OFFLINE,TRUE,Tiana,15:05,16:15,1:10:00,TRUE,"Went over classwork mistakes and questions; covered glycolysis, link reaction, and Krebs cycle"
5,04/08/2026,Alycia,Danica,AS Economics,06/08/2026,20:00,1 hour,ONLINE,TRUE,Tiana,20:00,21:30,1:30:00,FALSE,"(Technical difficulties in recording, is using tablet have no laptop. I have screenshot though)  Learning new topics that appear in AS but not IGCSE Economics "
6,06/08/2026,Justin,Aura,AS Physics,06/08/2026,19:00,1 hour,ONLINE,TRUE,Tiana,19:04,20:46,1:42:00,TRUE,
7,07/08/2026,Tiana,Michael,AS Physics,07/08/2026,17:00,1 hour,ONLINE,TRUE,Tiana,17:00,18:05,1:05:00,TRUE,"Reviewed SI Base Units and Vectors, practice questions."
8,12/08/2026,Aurelia,Bintang,A Level Biology,12/08/2026,15:15,1 hour,OFFLINE,TRUE,Tiana,15:12,16:14,1:02:00,FALSE,"Reviewed aerobic respiration again, learning oxidative phosphorylation in more depth, as well as anaerobic respiration and the ferementation routes"
9,10/08/2026,Justin,Toru,A Level Physics,13/08/2026,19:00,1 hour,ONLINE,TRUE,Tiana,19:35,20:56,1:21:00,FALSE,
10,10/08/2026,Aila,Belva,IGCSE Math Extended,12/08/2026,17:30,1 hour,ONLINE,TRUE,Tiana,17:30,18:31,1:01:00,TRUE,application of cosine rule and deriving formula for area of a scalene trianfle
11,11/08/2026,Joshua,Darren,IGCSE Math Extended,11/08/2026,15:00,30 mins,ONLINE,TRUE,Tiana,15:05,15:37,0:32:00,TRUE,Reviewed Sine and Cosine rules
12,11/08/2026,Tubi,Yogi,"AS Math 1
",11/08/2026,16:00,1 hour,ONLINE,TRUE,Tiana,16:03,17:05,1:02:00,TRUE,"AS Level Pure Math 1, inverse functions n so on (2.3, 2.4, 2.5, 2.6, 2.7). Fast learner, so managed to capture a bunch more subtopics than intended. For some reason my mic didnt get recorded"
13,11/08/2026,Aurelia,Aiyana,AS Biology,11/08/2026,15:30,1 hour,ONLINE,TRUE,Tiana,15:34,16:52,1:18:00,TRUE,Did practice questions. For some reason my screenshare wasnt caught on the screen recording of the session
14,11/08/2026,Cista,Bintang,AS Math 3,11/08/2026,15:00,32 minutes,OFFLINE,TRUE,Cista,15:00,15:32,0:32:00,TRUE,Trigonometry
15,11/08/2026,Tubi,Yogi,AS Math 1,12/08/2026,16:00,1 hour,ONLINE,TRUE,Tubi,16:01,17:16,1:15:00,TRUE, Finishing Ch.2 Pure Maths 1
16,11/08/2026,Abby,Eve,IGCSE Economics,13/08/2026,18:30,30 minutes,ONLINE,TRUE,Tubi,18:32,19:10,0:38:00,TRUE,Reviewed Chapter 1.4 - Production Possibility Curve (PPC) and doing past paper questions.
17,15/08/2026,Aurelia,Bintang,A Level Biology,15/08/2026,14:00,1 hour,ONLINE,TRUE,Tiana,14:02,15:16,1:14:00,FALSE,Did topical past paper questions
18,12/08/2026,Hugo,Luna,AS Math 1,12/08/2026,20:00,1 hour,ONLINE,TRUE,Tiana,20:00,21:34,1:34:00,FALSE,reviewing chapter 1 of pure maths (doing past paper questions)
19,13/08/2026,Hugo,Ira, AS Math 2,13/08/2026,19:30,1 hour,ONLINE,TRUE,Tiana,19:32,21:00,1:28:00,FALSE,doing questions of chapter 1 of pure maths from the review and discussing some past paper questions
20,14/08/2026,Justin,Nadine,AS Physics,17/08/2026,19:00,1 hour,ONLINE,TRUE,Tiana,19:00,20:37,1:37:00,FALSE,
21,14/08/2026,Danica,Keenan,AS Math 1,14/08/2026,19:00,1 hour,ONLINE,TRUE,Cista,19:00,20:23,1:23:00,TRUE,"review on inverse functions and transformations, and discussion on past paper questions"
22,15/08/2026,Kaito,Calvin,AS Computer Science,16/08/2026,14:00,30 minutes,ONLINE,TRUE,Tiana,14:10,15:25,1:15:00,TRUE,2.1 Communication (reviewing and relearning what ms lovely explained in class)
23,16/08/2026,Aurelia,Aiyana,AS Biology,16/08/2026,14:00,1 hour,ONLINE,TRUE,Tiana,14:05,15:25,1:20:00,FALSE,"Covered units 2.0-2.5, all of introduction and carbohydrates. Recording bugged out around min 2-3 for some reason so its only audio after that point"
24,16/08/2026,Landia,Bella,IGCSE Extended Math,16/08/2026,13:30,1 hour,ONLINE,TRUE,Tiana,13:15,14:15,1:00:00,FALSE,IGCSE Extended Math - Trigonometry angles above 90 degrees for sincostan and sine and cosine rule review
25,16/08/2026,Aurelia,Aiyana,AS Level Biology,23/08/2026,20:00,1 hour,ONLINE,TRUE,Tiana,20:01,21:09,1:08:00,FALSE,Reviewed carbohydrates and covered lipids; practice questions.
26,16/08/2026,Aurelia,Keenan,AS Level Biology,20/08/26,20:00,1 hour,ONLINE,TRUE,Tiana,20:01,21:17,1:16:00,FALSE,"Did topical past paper on chapter 2, biological molecules"
27,16/08/2026,Justin,Aura,AS Chemistry,17/08/2026,16:00,1 hour,ONLINE,TRUE,Tiana,16:22,18:06,1:44:00,FALSE,
28,17/08/2026,Tubi,Yogi,AS Physics,19/08/2026,19:00,1 hour,ONLINE,TRUE,Tubi,19:04,20:15,1:11:00,TRUE,"Reviewing parabolic trajectories, projectile motion, and freefall"
29,18/08/2026,Tiana,Michael,AS Physics,19/08/2026,17:00,1 hour,ONLINE,TRUE,Tiana,17:05,18:24,1:19:00,FALSE,A bit of a review of the SI Base Units
30,18/08/2026,Justin,Aura,AS Physics,18/08/2026,19:00,1 hour,ONLINE,TRUE,Tiana,19:02,20:03,1:01:00,FALSE,
31,18/08/2026,Justin,Lexa,AS Physics,20/08/2026,18:45,1 hour,ONLINE,TRUE,Tiana,19:14,21:06,1:52:00,FALSE,
32,18/08/2026,Justin,Keenan,AS Physics,21/08/2026,20:00,1 hour,ONLINE,TRUE,Tiana,19:59,21:51,1:52:00,FALSE,
33,19/08/2026,Danica,Keenan,AS Math 1,19/08/2026,20:00,1 hour,ONLINE,TRUE,Cista,20:03,21:50,1:47:00,TRUE,Chapter 2 (Functions) past paper practice
34,18/08/2026,Cista,Bintang,Ppkn,18/08/2026,14:15,30 minutes,OFFLINE,TRUE,Cista,14:15,14:45,0:30:00,FALSE,Making website for ppkn project
35,19/08/2026,Kaito,Kenzo,AS Computer Science,21/08/2026,17:00,1 hour,ONLINE,TRUE,Cista,17:00,19:14,2:14:00,FALSE,Reviewed all of chapter 1 and 2
36,19/08/2026,Tubi,Nielle,IGCSE Computer Science,25/08/2026,18:00,30 minutes,ONLINE,TRUE,Tubi,18:01,19:05,1:04:00,FALSE,"Reviewed pre-condition, post-condition, and count-controlled loops (WHILE DO, REPEAT UNTIL, FOR NEXT)"
37,19/082026,Kaito,Isea,Math Grade 8,24/08/2026,15:00,1 hour,OFFLINE,TRUE,Tubi,16:00,17:00,1:00:00,TRUE,"linear line graphs, simulatenous equations using graphical methods, substitution and elimination"
38,20/08/2026,Danica,Keenan,AS Math 1,20/08/2026,19:00,1 hour,ONLINE,TRUE,Tiana,18:30,19:27,0:57:00,TRUE,past paper practice
39,20/08/2026,Tiana,Michael,AS Physics,20/08/2026,17:00,1 hour,ONLINE,TRUE,Tiana,16:53,18:16,1:23:00,FALSE,
40,20/08/2026,Hugo,Luna,AS Math 1,20/08/2026,19:00,1 hour,ONLINE,TRUE,Tiana,20:34,22:00,1:26:00,FALSE,Reviewing chapter 2 functions
41,20/08/2026,Tubi,Yogi,AS Math 1,20/08/2026,19:00,1 hour,ONLINE,TRUE,Tubi,19:03,20:02,0:59:00,FALSE,Review Chapter 2 (plus bonus chapter 4)
42,20/08/2026,Alycia,Dayu,Math grade 8,27/08/2026,20:00,1 hour,ONLINE,TRUE,Tiana,20:00,21:43,1:43:00,FALSE,Reviewing before UA about inequality
43,20/08/2026,Aila,"Kenzie
Elo",IGCSE Extended Mathematics,21/08/2026,19:00,1 hour,ONLINE,TRUE,Tiana,19:05,20:20,1:15:00,TRUE,practice questions to understand the use of sine and cosine rules
44,20/08/2026,Alycia,Danica,AS Economics,09/09/2026,20:00,1 hour,ONLINE,TRUE,Tiana,20:10,21:25,1:15:00,TRUE,Understanding on how to write 8 and 12 marks questions in paper 2 (Reschedule because tutor lost her voice)
45,22/08/2026,Kaito,Kenzo,AS Computer Science,28/08/2026,17:00,1 hour,ONLINE,TRUE,Tiana,17:56,19:19,1:23:00,TRUE,"chapter 2, communication"
46,20/08/2026,Mayra,Christian,G12 Math 3,22/08/2026,16:00,2 hours 30 mins,ONLINE,TRUE,Tiana,16:00,18:35,2:35:00,TRUE,Trigonometry Math 3 G12 explaination and past papers practice
47,19/08/2026,Mayra,Lilian,Ext Maths,24/08/2026,15:00,1 hour,OFFLINE,TRUE,Tiana,15:05,16:10,1:05:00,FALSE,Extended Maths Trigonometry Review Worksheet
48,22/08/2026,Iris,Indira,IGCSE Sociology,25/08/2026,17:00,1 hour,ONLINE,TRUE,Devon,17:00,17:47,0:47:00,TRUE,"Revising Chapter 4: Family, for her upcoming unit assessment. Clearing her confusion regarding the three main perspectives of family and discussing each perspective's strengths and limitations. Indira always asks questions when she feels that the topic is unclear to her and needs further help. She is very dedicated to understanding the topic."
49,22/08/2026,Abby,Kirei,IGCSE Math Extended,23/08/2026,20:00,1 hour,ONLINE,TRUE,Devon,20:07,21:01,0:54:00,TRUE,Review Trigonometry Worksheet
50,23/08/2026,Iris,Kinanti,IGCSE Math Extended,25/08/2026,21:00,1 hour,ONLINE,TRUE,Devon,21:00,22:00,1:00:00,TRUE,"Revising Trigonometry, Chapter 15. Kinanti has a lot of enthusiasm to try and grasp the topic and does not hesitate to ask questions. She understands topics, however she requires some time to think and process Trigonometry and she is still trying to get used to the use of Trigonometry rules such as Cosine or Sine Rules. Overall, she is full of motivation and just needs to consistently practice."
51,23/08/2026,Iris,Acha,English,25/08/2026,19:30,1 hour,ONLINE,TRUE,Tiana,19:30,20:31,1:01:00,TRUE,Revising Chapter 1: Character Description for her upcoming unit assessment. She has great understanding and understands concepts easily. Showed her some examples of character description.
52,24/08/2026,Abby,Kirei,IGCSE Math Extended,26/08/2026,20:00,1 hour,ONLINE,TRUE,Tiana,20:22,21:11,0:49:00,TRUE,Review Trigonometry Worksheet
53,24/08/2026,Aila,Belva,IGCSE Extended Mathematics,24/08/2026,18:00,1 hour,ONLINE,TRUE,Tiana,18:00,19:09,1:09:00,TRUE,Past paper questions for trigonometry
54,24/08/2026,Abby,Nielle,IGCSE Additional Mathematics,27/08/2026,20:00,1 hour,ONLINE,TRUE,Tiana,20:06,20:58,0:52:00,TRUE,Reviewed Arithmetic Progression and Geometric Progression Worksheet
55,24/08/2026,Joshua,"Timothy
Jen",IGCSE Computer Science,25/08/2026,21:30,30 minutes,ONLINE,TRUE,Tiana,21:28,22:00,0:32:00,TRUE,Reviewed File and String Handling
56,26/08/2026,Justin,Keenan,AS Chemistry,28/08/2026,20:00,1 hour,ONLINE,TRUE,Tiana,20:00,21:58,1:58:00,FALSE,
57,26/08/2026,Justin,Lexa,AS Physics,28/08/2026,18:00,1 hour,ONLINE,TRUE,Tiana,18:07,19:36,1:29:00,FALSE,
58,26/08/2026,Danica,Keenan,AS Math 1,26/08/2026,20:00,1 hour,ONLINE,TRUE,Tiana,20:03,21:27,1:24:00,TRUE,review on circle equation and past paper practice
59,26/08/26,Kaito,Isea,Math Grade 8,27/08,17:30,1 hour,ONLINE,TRUE,Tiana,17:30,18:30,1:00:00,TRUE,"graphs, simultaneous equations and inequalities"
60,26/08/2026,Joshua,Darren,IGCSE Extended Mathematics,26/08,20:20,40 minutes,ONLINE,TRUE,Tiana,20:20,21:00,0:40:00,TRUE,Reviewing all trigonometric concepts for the UA tommorow
61,27/08/2026,Abby,Nielle,IGCSE Additional Mathematics,30/08/2026,18:00,1 hour,ONLINE,TRUE,Tubi,17:53,18:56,1:03:00,TRUE,Reviewed Arithmetic Progression and Geometric Progression Worksheet
62,23/08/2026,Hiro,Nadine,AS Physics,25/08/2026,18:30,1-2 hours,ONLINE,TRUE,Tubi,18:39,20:00,1:21:00,TRUE,Review kinematics topical paper questions for UA
64,28/08/2026,Alycia,Mizaki,Math 3 G12,30/08/2026,20:00,1 hour,ONLINE,TRUE,Kaito,19:23,20:29,1:06:00,TRUE,"Review for math UA about trigonometry, has been discussed with Cista, only 1 time tutor, not permanent student"
65,30/08/2026,Justin,Aura,AS Chemistry,30/08/2026,19:00,1 hour,ONLINE,TRUE,Tiana,19:12,21:12,2:00:00,FALSE,
66,30/08/26,Joshua,Emma,IGCSE Coordinated Science,30/08/26,12:40,40 mins,ONLINE,TRUE,Tiana,12:40,13:17,0:37:00,TRUE,Reviewed about Chapter C2
67,30/08/26,Iris,Bella,AS Level Biology,02/09/26,17:00,1 hour,ONLINE,TRUE,Tiana,17:00,18:28,1:28:00,TRUE,"Reviewing Chapter 2: Biological Molecules, clearing her confusion."
68,31/08/26,Kaito,Jen,IGCSE Computer Science,31/08/2026,20:00,1 hour,ONLINE,TRUE,Kaito,20:05,20:55,0:50:00,TRUE,"pseudocode arrays, bubble sort and linear search // apparantly jens mic wasnt being picked up by my recording software"
69,31/08/2026,Justin,Lexa,AS Physics,31/08/2026,19:00,1 hour,ONLINE,TRUE,Kaito,19:52,21:00,1:08:00,FALSE,
70,31/08/2026,Iris,Charlene,IGCSE Business Studies,02/09/2026,16:45,1 hour,ONLINE,TRUE,Kaito,16:45,18:40,1:55:00,TRUE,Covering Chapter 18: Sustainable Production and Chapter 19: Break-Even Graphs
71,01/09/2026,Justin,Toru,AL Physics,03/09/2026,20:30,1 hour,ONLINE,TRUE,Kaito,20:38,21:48,1:10:00,FALSE,
73,01/09/2026,Kaito,Jen,IGCSE Computer Science,01/09/2026,16:55,1 hour,ONLINE,TRUE,Kaito,16:55,18:06,1:11:00,TRUE,"pseudocode review, past paper questions"
74,01/09/2026,Kalila,Jeslie,English,01/09/2026,16:40,45 mins,ONLINE,TRUE,Kaito,16:40,17:42,1:02:00,FALSE,"Covering descriptive writing in texts: how to write a short descriptive paragraph, elements of a descriptive piece, and details such as what to include in a descriptive piece (e.g: figurative langauge, structure, etc.)"
76,01/09/2026,Joshua,TImothy and Jen,IGCSE Computer Science,01/09/2026,19:00,40 mins,ONLINE,TRUE,Kaito,19:00,19:40,0:40:00,TRUE,Reviewed all programming concepts in pseudocode for tommorow ua.
77,01/09/26,Joshua,Buyan,IGCSE Computer Science,01/09/26,20:13,40 mins,ONLINE,TRUE,Tiana,20:13,20:52,0:39:00,TRUE,Reviewed all programming concepts in pseudocode for tommorow ua.
78,03/09/2026,Aurelia,Aiyana,AS Level Biology,03/09/2026,17:15,1 hour,ONLINE,TRUE,Tiana,17:21,18:49,1:28:00,FALSE,
79,01/09/2026,Olivija,Jefferson,AS Math 2,03/09/2026,20:00,1 hour,ONLINE,TRUE,Tiana,20:15,21:45,1:30:00,FALSE,Reviewed all subtopics of functions
80,02/09/2026,Alana,Open Class,AS Math 2,02/09/2026,16:00,1 hour,ONLINE,TRUE,Tiana,16:00,17:00,1:00:00,TRUE,Reviewed translation of functions & practice past paper
81,02/09/26,Joshua,Jensen,IGCSE Extended Maths,02/09/26,16:40,1 hour,OFFLINE,TRUE,Tubi,16:41,17:44,1:03:00,TRUE,Reviewed Past Papers from 2022-2026 series
83,02/09/2026,Tubi,Yogi,AS Math 1,02/09/2026,21:00,1 hour,ONLINE,TRUE,Tubi,21:01,22:00,0:59:00,FALSE,
84,02/09/2026,Aila,Raisa,IGCSE Extended Mathematics,03/09/2026,16:00,1 hour,OFFLINE,TRUE,Tubi,16:00,17:00,1:00:00,FALSE,practice last test paper until number 7
85,02/09/2026,Aila,Kenzie and Elo,IGCSE Extended Mathematics,03/09/2026,17:00,1 hour,ONLINE,TRUE,Tubi,17:40,18:45,1:05:00,FALSE,practice questions from last test paper
86,02/09/2026,Aila,Belva,IGCSE Extended Mathematics,07/09/2026,20:00,1 hour,ONLINE,TRUE,Tubi,20:05,21:19,1:14:00,FALSE,practice questions from last test paper
87,03/09/2026,Aurelia,Bintang,A Level Biology,03/09/2026,14:15,1 hour,ONLINE,TRUE,Tiana,14:20,15:35,1:15:00,FALSE,
88,02/09/2026,Olivija,Jefferson,AS Math 2,03/09/2026,20:00,1 hour,ONLINE,TRUE,Tiana,20:30,22:00,1:30:00,FALSE,review past paper questions for functions UA
89,03/09/2026,Aila,Atika,IGCSE Extended Mathematics,03/09/2026,19:00,1 hour,ONLINE,TRUE,Kaito,19:05,19:35,0:30:00,FALSE,review questions from last test paper
90,03/09/2026,Aila,Raisa,IGCSE Coordinated sciences,03/09/2026,15:00,30 minutes,OFFLINE,TRUE,Kaito,15:01,15:31,0:30:00,FALSE,review of reproduction test paper
91,03/09/2026,Kaito,Open Class,AS Computer Science,03/09/2026,18:00,1 hour,ONLINE,TRUE,Kaito,18:00,19:55,1:55:00,TRUE,"Reviewing all of chapter 2, communication"
92,03/09/2026,Tubi,Open Class,AS Computer Science,03/09/2026,18:00,1 hour,ONLINE,TRUE,Kaito,18:00,19:55,1:55:00,TRUE,"Reviewing all of chapter 2, communication"
93,03/09/2026,Tubi,Tustari,AS Computer Science,03/09/2026,20:00,1 hour,ONLINE,TRUE,Tubi,20:00,21:20,1:20:00,TRUE,
94,03/09/2026,Danica,Keenan,AS Math 1,03/09/26,18:30,1 hour,ONLINE,TRUE,Kaito,18:30,19:50,1:20:00,TRUE,circular measure past paper practice
95,03/09/2026,Hugo,Ira,AS Math 2,03/09/2026,20:30,1 hour,ONLINE,TRUE,Tiana,20:30,21:45,1:15:00,FALSE,chapter 2 past paper review
96,03/09/2026,Kevin,Cikey,A Levels Economics,03/09/2026,20:00,1 hour,ONLINE,TRUE,Kaito,20:00,21:00,1:00:00,FALSE,
97,04/09/2026,Abby,Kirei,IGCSE Math Extended,06/09/2026,20:00,1 hour,ONLINE,TRUE,Tiana,19:57,21:05,1:08:00,FALSE,Review Unit Assesment Chapter 15 Trigonometry for Retest Preparation
98,04/09/2026,Justin,Keenan,AS Physics,04/09/2026,19:00,1 hour,ONLINE,TRUE,Tiana,19:01,21:27,2:26:00,FALSE,
99,04/09/2026,Hiro,Nadine,AS Physics,05/09/2026,18:00,1 hour,ONLINE,TRUE,Tiana,18:06,19:23,1:17:00,FALSE,Review for dyanmics UA with past paper questions (structured and MCQ)
100,05/09/2026,Kevin,Yuma,A Level Economics,05/09/2026,20:00,50 minutes,ONLINE,TRUE,Tiana,20:00,20:51,0:51:00,FALSE,
101,06/09/2026,Alycia,"Bianca, Mandy, Yuma, Bintang",A Level Economics,08/09/2026,21:00,1 hour,ONLINE,TRUE,Tiana,20:34,22:00,1:26:00,FALSE,Revising for Econ UA 
102,06/09/2026,Tiana,Michael,AS Physics & Math 1,06/09/2026,20:00,1 hour,ONLINE,TRUE,Tiana,20:02,21:00,0:58:00,FALSE,Review on topic 3 Dynamics
104,07/09/2026,Tubi,Yogi,AS Physics ,07/09,16:00,1 hour,ONLINE,TRUE,Tubi,16:45,17:53,1:08:00,TRUE,"review ch3 dynamics, mostly 2d collisions"
105,07/09/2026,Tubi,Gangga,AS Physics,07/09,19:00,1 hour,ONLINE,TRUE,Tubi,19:02,20:28,1:26:00,TRUE,"Review ch3 dynamics, mostly 2d collisions"
106,08/09/2026,Joshua,"Buyan, Jensen",IGCSE Coordinated Science,08/09,18:35,40 minutes,ONLINE,TRUE,Tubi,18:35,19:15,0:40:00,TRUE,
107,08/09/2026,Tubi,"Yogi, Tustari",AS Math 1,08/09/2026,19:00,1 hour,ONLINE,TRUE,Tubi,19:02,20:28,1:26:00,TRUE,
108,09/09/2026,Tubi,"Yogi, Tustari, Gangga",AS Math 1,09/09/2026,19:00,1 hour,ONLINE,TRUE,Tubi,19:07,20:26,1:19:00,FALSE,
109,10/09/2026,Justin,Cista,AL Chemistry,10/09/2026,14:00,1 hour,OFFLINE,TRUE,Kaito,14:12,15:04,0:52:00,TRUE,"Chapter 3, hardware"
110,10/09/2026,Kaito,Kenzo,AS Computer Science,11/09/2026,17:30,1 hour,ONLINE,TRUE,Kaito,17:32,19:11,1:39:00,FALSE,
111,10/09/2026,Danica,Keenan,AS Math 1,10/09/2026,18:30,1 hour,ONLINE,TRUE,Tiana,18:30,19:20,0:50:00,TRUE,review coordinate geometry ua
112,10/09/2026,Tiana,Michael,AS Math 1,10/09/2026,19:30,30 minutes,ONLINE,TRUE,Tiana,19:25,19:55,0:30:00,FALSE,Review on coordinate geometry UA
113,11/09/2026,Cista,Bintang,AL Math 3,11/09/2026,02:00,2 Hour,OFFLINE,TRUE,Cista,14:00,16:00,2:00:00,TRUE,Solving Circular Measure
114,14/09/2026,Cista,Bintang,AL Math 3,11/09/2026,15:00,1 Hour,OFFLINE,TRUE,Cista,15:00,16:00,1:00:00,TRUE,Solving Trigonometry
115,12/08/2026,Hiro,Dave,AL Math 1,13/09/2026,18:00,1h,ONLINE,TRUE,Kaito,18:02,19:27,1:25:00,TRUE,Past paper practice for differentiation UA
116,13/09/2026,Abby,Kirei,IGCSE Math Extended,13/09/2026,18:00,1 hour,ONLINE,TRUE,Kaito,18:50,19:53,1:03:00,TRUE,Discuss past papers relating to managing money and scatter graphs
117,13/09/2026,Tubi,Tustari,AS Computer Science,13/09/2026,19:30,30 minutes,ONLINE,TRUE,Tiana,19:32,20:15,0:43:00,TRUE,
118,14/09/2026,Kaito,Calvin,AS Computer Science,14/09/2026,17:30,1 hour,ONLINE,TRUE,Kaito,17:37,18:21,0:44:00,TRUE,"Embedded systems, types of RAM and ROM"
119,14/09/2026,Olivija,Jefferson,AS Math 2,14/09/2026,20:00,1 hour,ONLINE,TRUE,Kaito,20:00,22:00,2:00:00,FALSE,Covered half of the coordinate geometry subtopics
120,15/09/2026,Aurelia,Aiyana,AS Level Biology,15/09/2026,20:00,1 hour,ONLINE,TRUE,Kaito,20:05,21:41,1:36:00,FALSE,Reviewed enzymes and did topical questions
121,15/09/2026,Justin,Lexa,AS Physics,16/09/2026,20:30,1 hour,ONLINE,TRUE,Kaito,20:31,21:43,1:12:00,FALSE,
122,16/09,Tubi,Tustari,AS Math 1,16/09/2026,19:00,1 hour,ONLINE,TRUE,Tubi,19:07,20:02,0:55:00,TRUE,
123,16/09/26,Joshua,Buyan,IGCSE Coordinated Sciences,16/09/26,18:30,40 minutes,ONLINE,TRUE,Tubi,18:33,19:14,0:41:00,FALSE,
124,16/09/26,Landia,Bella,Extended Math,25/08/26,19:30,1 hour,ONLINE,TRUE,Tiana,19:30,20:30,1:00:00,FALSE,Trigonometry review for triangles (sine rule and cosine rule)
125,16/09/26,Landia,Bella,Extended Math,23/08/26,20:15,1 hour,ONLINE,TRUE,Tiana,20:15,21:15,1:00:00,FALSE,Trigonometry review before unit assessment (sine and cosine rule)
126,16/09/2026,Hiro,Alycia,SMC Math Competition,17/09/2026,20:00,1 hour,ONLINE,TRUE,Kaito,20:05,21:05,1:00:00,TRUE,"Review SMC past paper (some of the answer key is wrong haha) ([Alycia]: FR omd, bad mark scheme)"
127,17/09/2026,Hugo,Luna,AS Math 1,17/09/2026,19:00,1 hour,ONLINE,TRUE,Kaito,19:15,22:00,2:45:00,FALSE,
128,17/09/2026,Tubi,Gangga,AS Math 1,17/09/2026,20:00,1 hour,ONLINE,TRUE,Tubi,20:10,21:15,1:05:00,TRUE,
129,18/09/2026,Tiana,Michael,AS Math 1,18/09/2026,17:00,1 hour,ONLINE,TRUE,Tiana,17:15,18:30,1:15:00,FALSE,Practice Trigonometry
130,18/09/2026,Iris,Acha,English,20/09/2026,13:30,1 hour,ONLINE,TRUE,Tubi,13:30,15:05,1:35:00,TRUE,Practice for her upcoming unit assessment on Monday and using FLE past papers (1a-e) for reading comprehension practice as she struggles on it the most.
132,17/09/2026,Hiro,Nadine,AS Physics,19/9/2026,20:00,1h-1h30,ONLINE,TRUE,Tiana,20:00,21:19,1:19:00,FALSE,"Review forces, moments and torque past paper questions for UA (note to mr eko: pls curve grade!! - nadine)"
133,20/09/2026,Tubi,Yogi,"AS Physics, AS Math 1",20/09/2026,21:00,1 hour,ONLINE,TRUE,Tubi,21:01,22:00,0:59:00,TRUE,
134,21/09/2026,Kaito,Calvin,AS Computer Science,21/09/2026,17:00,1 hour,ONLINE,TRUE,Kaito,17:00,18:30,1:30:00,TRUE,Chapt 3 hardware - learnt principle of operations for input/output devices and types of secondary storage and buffers
135,21/09/2025,Tubi,Tustari,AS Computer Science,21/09/2026,20:30,1 hour,ONLINE,TRUE,Tubi,20:30,21:40,1:10:00,TRUE,
136,21/09/2026,Alana,Kenneth,AS Math 2,21/09/2026,19:30,1 hour,ONLINE,TRUE,Tiana,19:30,20:40,1:10:00,FALSE,"Reviewed the basics of coordinate geometry (chapter 3), practice line equations and perpendicular bisector"
137,,,,,,,,,FALSE,,,,0:00:00,FALSE,
138,,,,,,,,,FALSE,,,,0:00:00,FALSE,
139,,,,,,,,,FALSE,,,,0:00:00,FALSE,
140,,,,,,,,,FALSE,,,,0:00:00,FALSE,
141,,,,,,,,,FALSE,,,,0:00:00,FALSE,
142,,,,,,,,,FALSE,,,,0:00:00,FALSE,
143,,,,,,,,,FALSE,,,,0:00:00,FALSE,
144,,,,,,,,,FALSE,,,,0:00:00,FALSE,
145,,,,,,,,,FALSE,,,,0:00:00,FALSE,
146,,,,,,,,,FALSE,,,,0:00:00,FALSE,
147,,,,,,,,,FALSE,,,,0:00:00,FALSE,
148,,,,,,,,,FALSE,,,,0:00:00,FALSE,
149,,,,,,,,,FALSE,,,,0:00:00,FALSE,
150,,,,,,,,,FALSE,,,,0:00:00,FALSE,
151,,,,,,,,,FALSE,,,,0:00:00,FALSE,
152,,,,,,,,,FALSE,,,,0:00:00,FALSE,
153,,,,,,,,,FALSE,,,,0:00:00,FALSE,
154,,,,,,,,,FALSE,,,,0:00:00,FALSE,
155,,,,,,,,,FALSE,,,,0:00:00,FALSE,
156,,,,,,,,,FALSE,,,,0:00:00,FALSE,
157,,,,,,,,,FALSE,,,,0:00:00,FALSE,
158,,,,,,,,,FALSE,,,,0:00:00,FALSE,
159,,,,,,,,,FALSE,,,,0:00:00,FALSE,
160,,,,,,,,,FALSE,,,,0:00:00,FALSE,
161,,,,,,,,,FALSE,,,,0:00:00,FALSE,
162,,,,,,,,,FALSE,,,,0:00:00,FALSE,
163,,,,,,,,,FALSE,,,,0:00:00,FALSE,
164,,,,,,,,,FALSE,,,,0:00:00,FALSE,
165,,,,,,,,,FALSE,,,,0:00:00,FALSE,
166,,,,,,,,,FALSE,,,,0:00:00,FALSE,
167,,,,,,,,,FALSE,,,,0:00:00,FALSE,
168,,,,,,,,,FALSE,,,,0:00:00,FALSE,
169,,,,,,,,,FALSE,,,,0:00:00,FALSE,
170,,,,,,,,,FALSE,,,,0:00:00,FALSE,
171,,,,,,,,,FALSE,,,,0:00:00,FALSE,
172,,,,,,,,,FALSE,,,,0:00:00,FALSE,
173,,,,,,,,,FALSE,,,,0:00:00,FALSE,
174,,,,,,,,,FALSE,,,,0:00:00,FALSE,
175,,,,,,,,,FALSE,,,,0:00:00,FALSE,
176,,,,,,,,,FALSE,,,,0:00:00,FALSE,
177,,,,,,,,,FALSE,,,,0:00:00,FALSE,
178,,,,,,,,,FALSE,,,,0:00:00,FALSE,
179,,,,,,,,,FALSE,,,,0:00:00,FALSE,
180,,,,,,,,,FALSE,,,,0:00:00,FALSE,
181,,,,,,,,,FALSE,,,,0:00:00,FALSE,
182,,,,,,,,,FALSE,,,,0:00:00,FALSE,
183,,,,,,,,,FALSE,,,,0:00:00,FALSE,
184,,,,,,,,,FALSE,,,,0:00:00,FALSE,
185,,,,,,,,,FALSE,,,,0:00:00,FALSE,
186,,,,,,,,,FALSE,,,,0:00:00,FALSE,
187,,,,,,,,,FALSE,,,,0:00:00,FALSE,
188,,,,,,,,,FALSE,,,,0:00:00,FALSE,
189,,,,,,,,,FALSE,,,,0:00:00,FALSE,
190,,,,,,,,,FALSE,,,,0:00:00,FALSE,
191,,,,,,,,,FALSE,,,,0:00:00,FALSE,
192,,,,,,,,,FALSE,,,,0:00:00,FALSE,
193,,,,,,,,,FALSE,,,,0:00:00,FALSE,
194,,,,,,,,,FALSE,,,,0:00:00,FALSE,
195,,,,,,,,,FALSE,,,,0:00:00,FALSE,
196,,,,,,,,,FALSE,,,,0:00:00,FALSE,
197,,,,,,,,,FALSE,,,,0:00:00,FALSE,
198,,,,,,,,,FALSE,,,,0:00:00,FALSE,
199,,,,,,,,,FALSE,,,,0:00:00,FALSE,
200,,,,,,,,,FALSE,,,,0:00:00,FALSE,
201,,,,,,,,,FALSE,,,,0:00:00,FALSE,
202,,,,,,,,,,,,,0:00:00,FALSE,
203,,,,,,,,,,,,,0:00:00,FALSE,
204,,,,,,,,,,,,,0:00:00,FALSE,
205,,,,,,,,,,,,,0:00:00,FALSE,
206,,,,,,,,,,,,,0:00:00,FALSE,
207,,,,,,,,,,,,,0:00:00,FALSE,
208,,,,,,,,,,,,,0:00:00,FALSE,
209,,,,,,,,,,,,,0:00:00,FALSE,
210,,,,,,,,,,,,,0:00:00,FALSE,
211,,,,,,,,,,,,,0:00:00,FALSE,
212,,,,,,,,,,,,,0:00:00,FALSE,
213,,,,,,,,,,,,,0:00:00,FALSE,
214,,,,,,,,,,,,,0:00:00,FALSE,
215,,,,,,,,,,,,,0:00:00,FALSE,
216,,,,,,,,,,,,,0:00:00,FALSE,
217,,,,,,,,,,,,,0:00:00,FALSE,
218,,,,,,,,,,,,,0:00:00,FALSE,
219,,,,,,,,,,,,,0:00:00,FALSE,
220,,,,,,,,,,,,,0:00:00,FALSE,
221,,,,,,,,,,,,,0:00:00,FALSE,
222,,,,,,,,,,,,,0:00:00,FALSE,
223,,,,,,,,,,,,,0:00:00,FALSE,
224,,,,,,,,,,,,,0:00:00,FALSE,
225,,,,,,,,,,,,,0:00:00,FALSE,
226,,,,,,,,,,,,,0:00:00,FALSE,
227,,,,,,,,,,,,,0:00:00,FALSE,
228,,,,,,,,,,,,,0:00:00,FALSE,
229,,,,,,,,,,,,,0:00:00,FALSE,
230,,,,,,,,,,,,,0:00:00,FALSE,
231,,,,,,,,,,,,,0:00:00,FALSE,
232,,,,,,,,,,,,,0:00:00,FALSE,
233,,,,,,,,,,,,,0:00:00,FALSE,
234,,,,,,,,,,,,,0:00:00,FALSE,
235,,,,,,,,,,,,,0:00:00,FALSE,
236,,,,,,,,,,,,,0:00:00,FALSE,
237,,,,,,,,,,,,,0:00:00,FALSE,
238,,,,,,,,,,,,,0:00:00,FALSE,
239,,,,,,,,,,,,,0:00:00,FALSE,
240,,,,,,,,,,,,,0:00:00,FALSE,
241,,,,,,,,,,,,,0:00:00,FALSE,
242,,,,,,,,,,,,,0:00:00,FALSE,
243,,,,,,,,,,,,,0:00:00,FALSE,
244,,,,,,,,,,,,,0:00:00,FALSE,
245,,,,,,,,,,,,,0:00:00,FALSE,
246,,,,,,,,,,,,,0:00:00,FALSE,
247,,,,,,,,,,,,,0:00:00,FALSE,
248,,,,,,,,,,,,,0:00:00,FALSE,
249,,,,,,,,,,,,,0:00:00,FALSE,
250,,,,,,,,,,,,,0:00:00,FALSE,
251,,,,,,,,,,,,,0:00:00,FALSE,
252,,,,,,,,,,,,,0:00:00,FALSE,
253,,,,,,,,,,,,,0:00:00,FALSE,
254,,,,,,,,,,,,,0:00:00,FALSE,
255,,,,,,,,,,,,,0:00:00,FALSE,
256,,,,,,,,,,,,,0:00:00,FALSE,
257,,,,,,,,,,,,,0:00:00,FALSE,
258,,,,,,,,,,,,,0:00:00,FALSE,
259,,,,,,,,,,,,,0:00:00,FALSE,
260,,,,,,,,,,,,,0:00:00,FALSE,
261,,,,,,,,,,,,,0:00:00,FALSE,
262,,,,,,,,,,,,,0:00:00,FALSE,
263,,,,,,,,,,,,,0:00:00,FALSE,
264,,,,,,,,,,,,,0:00:00,FALSE,
265,,,,,,,,,,,,,0:00:00,FALSE,
266,,,,,,,,,,,,,0:00:00,FALSE,
267,,,,,,,,,,,,,0:00:00,FALSE,
268,,,,,,,,,,,,,0:00:00,FALSE,
269,,,,,,,,,,,,,0:00:00,FALSE,
270,,,,,,,,,,,,,0:00:00,FALSE,
271,,,,,,,,,,,,,0:00:00,FALSE,
272,,,,,,,,,,,,,0:00:00,FALSE,
273,,,,,,,,,,,,,0:00:00,FALSE,
274,,,,,,,,,,,,,0:00:00,FALSE,
275,,,,,,,,,,,,,0:00:00,FALSE,
276,,,,,,,,,,,,,0:00:00,FALSE,
277,,,,,,,,,,,,,0:00:00,FALSE,
278,,,,,,,,,,,,,0:00:00,FALSE,
279,,,,,,,,,,,,,0:00:00,FALSE,
280,,,,,,,,,,,,,0:00:00,FALSE,
281,,,,,,,,,,,,,0:00:00,FALSE,
282,,,,,,,,,,,,,0:00:00,FALSE,
283,,,,,,,,,,,,,0:00:00,FALSE,
284,,,,,,,,,,,,,0:00:00,FALSE,
285,,,,,,,,,,,,,0:00:00,FALSE,
286,,,,,,,,,,,,,0:00:00,FALSE,
287,,,,,,,,,,,,,0:00:00,FALSE,
288,,,,,,,,,,,,,0:00:00,FALSE,
289,,,,,,,,,,,,,0:00:00,FALSE,
290,,,,,,,,,,,,,0:00:00,FALSE,
291,,,,,,,,,,,,,0:00:00,FALSE,
292,,,,,,,,,,,,,0:00:00,FALSE,
293,,,,,,,,,,,,,0:00:00,FALSE,
294,,,,,,,,,,,,,0:00:00,FALSE,
295,,,,,,,,,,,,,0:00:00,FALSE,
296,,,,,,,,,,,,,0:00:00,FALSE,
297,,,,,,,,,,,,,0:00:00,FALSE,
298,,,,,,,,,,,,,0:00:00,FALSE,
299,,,,,,,,,,,,,0:00:00,FALSE,
300,,,,,,,,,,,,,0:00:00,FALSE,
301,,,,,,,,,,,,,0:00:00,FALSE,
302,,,,,,,,,,,,,0:00:00,FALSE,
303,,,,,,,,,,,,,0:00:00,FALSE,
304,,,,,,,,,,,,,0:00:00,FALSE,
305,,,,,,,,,,,,,0:00:00,FALSE,
306,,,,,,,,,,,,,0:00:00,FALSE,
307,,,,,,,,,,,,,0:00:00,FALSE,
308,,,,,,,,,,,,,0:00:00,FALSE,
309,,,,,,,,,,,,,0:00:00,FALSE,
310,,,,,,,,,,,,,0:00:00,FALSE,
311,,,,,,,,,,,,,0:00:00,FALSE,
312,,,,,,,,,,,,,0:00:00,FALSE,
313,,,,,,,,,,,,,0:00:00,FALSE,
314,,,,,,,,,,,,,0:00:00,FALSE,
315,,,,,,,,,,,,,0:00:00,FALSE,
316,,,,,,,,,,,,,0:00:00,FALSE,
317,,,,,,,,,,,,,0:00:00,FALSE,
318,,,,,,,,,,,,,0:00:00,FALSE,
319,,,,,,,,,,,,,0:00:00,FALSE,
320,,,,,,,,,,,,,0:00:00,FALSE,
321,,,,,,,,,,,,,0:00:00,FALSE,
322,,,,,,,,,,,,,0:00:00,FALSE,
323,,,,,,,,,,,,,0:00:00,FALSE,
324,,,,,,,,,,,,,0:00:00,FALSE,
325,,,,,,,,,,,,,0:00:00,FALSE,
326,,,,,,,,,,,,,0:00:00,FALSE,
327,,,,,,,,,,,,,0:00:00,FALSE,
328,,,,,,,,,,,,,0:00:00,FALSE,
329,,,,,,,,,,,,,0:00:00,FALSE,
330,,,,,,,,,,,,,0:00:00,FALSE,
331,,,,,,,,,,,,,0:00:00,FALSE,
332,,,,,,,,,,,,,0:00:00,,
333,,,,,,,,,,,,,0:00:00,,
334,,,,,,,,,,,,,0:00:00,,
335,,,,,,,,,,,,,0:00:00,,
336,,,,,,,,,,,,,0:00:00,,
337,,,,,,,,,,,,,0:00:00,,
338,,,,,,,,,,,,,0:00:00,,
339,,,,,,,,,,,,,0:00:00,,
340,,,,,,,,,,,,,0:00:00,,
341,,,,,,,,,,,,,0:00:00,,
342,,,,,,,,,,,,,0:00:00,,
343,,,,,,,,,,,,,0:00:00,,
344,,,,,,,,,,,,,0:00:00,,
345,,,,,,,,,,,,,0:00:00,,
346,,,,,,,,,,,,,0:00:00,,
347,,,,,,,,,,,,,0:00:00,,
348,,,,,,,,,,,,,0:00:00,,
349,,,,,,,,,,,,,0:00:00,,
350,,,,,,,,,,,,,0:00:00,,
351,,,,,,,,,,,,,0:00:00,,
352,,,,,,,,,,,,,0:00:00,,
353,,,,,,,,,,,,,0:00:00,,
354,,,,,,,,,,,,,0:00:00,,
355,,,,,,,,,,,,,0:00:00,,
356,,,,,,,,,,,,,0:00:00,,
357,,,,,,,,,,,,,0:00:00,,
358,,,,,,,,,,,,,0:00:00,,
359,,,,,,,,,,,,,0:00:00,,
360,,,,,,,,,,,,,0:00:00,,
361,,,,,,,,,,,,,0:00:00,,
362,,,,,,,,,,,,,0:00:00,,
363,,,,,,,,,,,,,0:00:00,,
364,,,,,,,,,,,,,0:00:00,,
365,,,,,,,,,,,,,0:00:00,,
366,,,,,,,,,,,,,0:00:00,,
367,,,,,,,,,,,,,0:00:00,,
368,,,,,,,,,,,,,0:00:00,,
369,,,,,,,,,,,,,0:00:00,,
370,,,,,,,,,,,,,0:00:00,,
371,,,,,,,,,,,,,0:00:00,,
372,,,,,,,,,,,,,0:00:00,,
373,,,,,,,,,,,,,0:00:00,,
374,,,,,,,,,,,,,0:00:00,,
375,,,,,,,,,,,,,0:00:00,,
376,,,,,,,,,,,,,0:00:00,,
377,,,,,,,,,,,,,0:00:00,,
378,,,,,,,,,,,,,0:00:00,,
379,,,,,,,,,,,,,0:00:00,,
380,,,,,,,,,,,,,0:00:00,,
381,,,,,,,,,,,,,0:00:00,,
382,,,,,,,,,,,,,0:00:00,,
383,,,,,,,,,,,,,0:00:00,,
384,,,,,,,,,,,,,0:00:00,,
385,,,,,,,,,,,,,0:00:00,,
386,,,,,,,,,,,,,0:00:00,,
387,,,,,,,,,,,,,0:00:00,,
388,,,,,,,,,,,,,0:00:00,,
389,,,,,,,,,,,,,0:00:00,,
390,,,,,,,,,,,,,0:00:00,,
391,,,,,,,,,,,,,0:00:00,,
392,,,,,,,,,,,,,0:00:00,,
393,,,,,,,,,,,,,0:00:00,,
394,,,,,,,,,,,,,0:00:00,,
395,,,,,,,,,,,,,0:00:00,,
396,,,,,,,,,,,,,0:00:00,,
397,,,,,,,,,,,,,0:00:00,,
398,,,,,,,,,,,,,0:00:00,,
399,,,,,,,,,,,,,0:00:00,,
400,,,,,,,,,,,,,0:00:00,,
401,,,,,,,,,,,,,0:00:00,,
402,,,,,,,,,,,,,0:00:00,,
403,,,,,,,,,,,,,0:00:00,,
404,,,,,,,,,,,,,0:00:00,,
405,,,,,,,,,,,,,0:00:00,,
406,,,,,,,,,,,,,0:00:00,,
407,,,,,,,,,,,,,0:00:00,,
408,,,,,,,,,,,,,0:00:00,,
409,,,,,,,,,,,,,0:00:00,,
410,,,,,,,,,,,,,0:00:00,,
411,,,,,,,,,,,,,0:00:00,,
412,,,,,,,,,,,,,0:00:00,,
413,,,,,,,,,,,,,0:00:00,,
414,,,,,,,,,,,,,0:00:00,,
415,,,,,,,,,,,,,0:00:00,,
416,,,,,,,,,,,,,0:00:00,,
417,,,,,,,,,,,,,0:00:00,,
418,,,,,,,,,,,,,0:00:00,,
419,,,,,,,,,,,,,0:00:00,,
420,,,,,,,,,,,,,0:00:00,,
421,,,,,,,,,,,,,0:00:00,,
422,,,,,,,,,,,,,0:00:00,,
423,,,,,,,,,,,,,0:00:00,,
424,,,,,,,,,,,,,0:00:00,,
425,,,,,,,,,,,,,0:00:00,,
426,,,,,,,,,,,,,0:00:00,,
427,,,,,,,,,,,,,0:00:00,,
428,,,,,,,,,,,,,0:00:00,,
429,,,,,,,,,,,,,0:00:00,,
430,,,,,,,,,,,,,0:00:00,,
431,,,,,,,,,,,,,0:00:00,,
432,,,,,,,,,,,,,0:00:00,,
433,,,,,,,,,,,,,0:00:00,,
434,,,,,,,,,,,,,0:00:00,,
435,,,,,,,,,,,,,0:00:00,,
436,,,,,,,,,,,,,0:00:00,,
437,,,,,,,,,,,,,0:00:00,,
438,,,,,,,,,,,,,0:00:00,,
439,,,,,,,,,,,,,0:00:00,,
440,,,,,,,,,,,,,0:00:00,,
441,,,,,,,,,,,,,0:00:00,,
442,,,,,,,,,,,,,0:00:00,,
443,,,,,,,,,,,,,0:00:00,,
444,,,,,,,,,,,,,0:00:00,,
445,,,,,,,,,,,,,0:00:00,,
446,,,,,,,,,,,,,0:00:00,,
447,,,,,,,,,,,,,0:00:00,,
448,,,,,,,,,,,,,0:00:00,,
449,,,,,,,,,,,,,0:00:00,,
450,,,,,,,,,,,,,0:00:00,,
451,,,,,,,,,,,,,0:00:00,,
452,,,,,,,,,,,,,0:00:00,,
453,,,,,,,,,,,,,0:00:00,,
454,,,,,,,,,,,,,0:00:00,,
455,,,,,,,,,,,,,0:00:00,,
456,,,,,,,,,,,,,0:00:00,,
457,,,,,,,,,,,,,0:00:00,,
458,,,,,,,,,,,,,0:00:00,,
459,,,,,,,,,,,,,0:00:00,,
460,,,,,,,,,,,,,0:00:00,,
461,,,,,,,,,,,,,0:00:00,,
462,,,,,,,,,,,,,0:00:00,,
463,,,,,,,,,,,,,0:00:00,,
464,,,,,,,,,,,,,0:00:00,,
465,,,,,,,,,,,,,0:00:00,,
466,,,,,,,,,,,,,0:00:00,,
467,,,,,,,,,,,,,0:00:00,,
468,,,,,,,,,,,,,0:00:00,,
469,,,,,,,,,,,,,0:00:00,,
470,,,,,,,,,,,,,0:00:00,,
471,,,,,,,,,,,,,0:00:00,,
472,,,,,,,,,,,,,0:00:00,,
473,,,,,,,,,,,,,0:00:00,,
474,,,,,,,,,,,,,0:00:00,,
475,,,,,,,,,,,,,0:00:00,,
476,,,,,,,,,,,,,0:00:00,,
477,,,,,,,,,,,,,0:00:00,,
478,,,,,,,,,,,,,0:00:00,,
479,,,,,,,,,,,,,0:00:00,,
480,,,,,,,,,,,,,0:00:00,,
481,,,,,,,,,,,,,0:00:00,,
482,,,,,,,,,,,,,0:00:00,,
483,,,,,,,,,,,,,0:00:00,,
484,,,,,,,,,,,,,0:00:00,,
485,,,,,,,,,,,,,0:00:00,,
486,,,,,,,,,,,,,0:00:00,,
487,,,,,,,,,,,,,0:00:00,,
488,,,,,,,,,,,,,0:00:00,,
489,,,,,,,,,,,,,0:00:00,,
490,,,,,,,,,,,,,0:00:00,,
491,,,,,,,,,,,,,0:00:00,,
492,,,,,,,,,,,,,0:00:00,,
493,,,,,,,,,,,,,0:00:00,,
494,,,,,,,,,,,,,0:00:00,,
495,,,,,,,,,,,,,0:00:00,,
496,,,,,,,,,,,,,0:00:00,,
497,,,,,,,,,,,,,0:00:00,,
498,,,,,,,,,,,,,0:00:00,,
499,,,,,,,,,,,,,0:00:00,,
500,,,,,,,,,,,,,0:00:00,,
508,,,,,,,,,,,,,0:00:00,,
509,,,,,,,,,,,,,0:00:00,,
510,,,,,,,,,,,,,0:00:00,,
511,,,,,,,,,,,,,0:00:00,,
512,,,,,,,,,,,,,0:00:00,,
513,,,,,,,,,,,,,0:00:00,,
514,,,,,,,,,,,,,0:00:00,,
515,,,,,,,,,,,,,0:00:00,,
516,,,,,,,,,,,,,0:00:00,,
517,,,,,,,,,,,,,0:00:00,,
518,,,,,,,,,,,,,0:00:00,,
519,,,,,,,,,,,,,0:00:00,,
520,,,,,,,,,,,,,0:00:00,,
521,,,,,,,,,,,,,0:00:00,,
522,,,,,,,,,,,,,0:00:00,,
523,,,,,,,,,,,,,0:00:00,,
524,,,,,,,,,,,,,0:00:00,,
525,,,,,,,,,,,,,0:00:00,,
526,,,,,,,,,,,,,0:00:00,,
527,,,,,,,,,,,,,0:00:00,,
528,,,,,,,,,,,,,0:00:00,,
529,,,,,,,,,,,,,0:00:00,,
530,,,,,,,,,,,,,0:00:00,,
531,,,,,,,,,,,,,0:00:00,,
532,,,,,,,,,,,,,0:00:00,,
533,,,,,,,,,,,,,0:00:00,,
534,,,,,,,,,,,,,0:00:00,,
535,,,,,,,,,,,,,0:00:00,,
536,,,,,,,,,,,,,0:00:00,,
537,,,,,,,,,,,,,0:00:00,,
538,,,,,,,,,,,,,0:00:00,,
539,,,,,,,,,,,,,0:00:00,,
540,,,,,,,,,,,,,0:00:00,,
541,,,,,,,,,,,,,0:00:00,,
542,,,,,,,,,,,,,0:00:00,,
543,,,,,,,,,,,,,0:00:00,,
544,,,,,,,,,,,,,0:00:00,,
545,,,,,,,,,,,,,0:00:00,,
546,,,,,,,,,,,,,0:00:00,,
547,,,,,,,,,,,,,0:00:00,,
548,,,,,,,,,,,,,0:00:00,,
549,,,,,,,,,,,,,0:00:00,,
550,,,,,,,,,,,,,0:00:00,,
551,,,,,,,,,,,,,0:00:00,,
552,,,,,,,,,,,,,0:00:00,,
553,,,,,,,,,,,,,0:00:00,,
554,,,,,,,,,,,,,0:00:00,,
555,,,,,,,,,,,,,0:00:00,,
556,,,,,,,,,,,,,0:00:00,,
557,,,,,,,,,,,,,0:00:00,,
558,,,,,,,,,,,,,0:00:00,,
559,,,,,,,,,,,,,0:00:00,,
560,,,,,,,,,,,,,0:00:00,,
561,,,,,,,,,,,,,0:00:00,,
562,,,,,,,,,,,,,0:00:00,,
563,,,,,,,,,,,,,0:00:00,,
564,,,,,,,,,,,,,0:00:00,,
565,,,,,,,,,,,,,0:00:00,,
566,,,,,,,,,,,,,0:00:00,,
567,,,,,,,,,,,,,0:00:00,,
568,,,,,,,,,,,,,0:00:00,,
569,,,,,,,,,,,,,0:00:00,,
570,,,,,,,,,,,,,0:00:00,,
571,,,,,,,,,,,,,0:00:00,,
572,,,,,,,,,,,,,0:00:00,,
573,,,,,,,,,,,,,0:00:00,,
574,,,,,,,,,,,,,0:00:00,,
575,,,,,,,,,,,,,0:00:00,,
576,,,,,,,,,,,,,0:00:00,,
577,,,,,,,,,,,,,0:00:00,,
578,,,,,,,,,,,,,0:00:00,,
579,,,,,,,,,,,,,0:00:00,,
580,,,,,,,,,,,,,0:00:00,,
581,,,,,,,,,,,,,0:00:00,,
582,,,,,,,,,,,,,0:00:00,,
583,,,,,,,,,,,,,0:00:00,,
584,,,,,,,,,,,,,0:00:00,,
585,,,,,,,,,,,,,0:00:00,,
586,,,,,,,,,,,,,0:00:00,,
587,,,,,,,,,,,,,0:00:00,,
588,,,,,,,,,,,,,0:00:00,,
589,,,,,,,,,,,,,0:00:00,,
590,,,,,,,,,,,,,0:00:00,,
591,,,,,,,,,,,,,0:00:00,,
592,,,,,,,,,,,,,0:00:00,,
593,,,,,,,,,,,,,0:00:00,,
594,,,,,,,,,,,,,0:00:00,,
595,,,,,,,,,,,,,0:00:00,,
596,,,,,,,,,,,,,0:00:00,,
597,,,,,,,,,,,,,0:00:00,,
598,,,,,,,,,,,,,0:00:00,,
599,,,,,,,,,,,,,0:00:00,,
600,,,,,,,,,,,,,0:00:00,,
601,,,,,,,,,,,,,0:00:00,,
602,,,,,,,,,,,,,0:00:00,,
603,,,,,,,,,,,,,0:00:00,,
604,,,,,,,,,,,,,0:00:00,,
605,,,,,,,,,,,,,0:00:00,,
606,,,,,,,,,,,,,0:00:00,,
607,,,,,,,,,,,,,0:00:00,,
608,,,,,,,,,,,,,0:00:00,,
609,,,,,,,,,,,,,0:00:00,,
610,,,,,,,,,,,,,0:00:00,,
611,,,,,,,,,,,,,0:00:00,,
612,,,,,,,,,,,,,0:00:00,,
613,,,,,,,,,,,,,0:00:00,,
614,,,,,,,,,,,,,0:00:00,,
615,,,,,,,,,,,,,0:00:00,,
616,,,,,,,,,,,,,0:00:00,,
617,,,,,,,,,,,,,0:00:00,,
618,,,,,,,,,,,,,0:00:00,,
619,,,,,,,,,,,,,0:00:00,,
620,,,,,,,,,,,,,0:00:00,,
621,,,,,,,,,,,,,0:00:00,,
622,,,,,,,,,,,,,0:00:00,,
623,,,,,,,,,,,,,0:00:00,,
624,,,,,,,,,,,,,0:00:00,,
625,,,,,,,,,,,,,0:00:00,,
626,,,,,,,,,,,,,0:00:00,,
627,,,,,,,,,,,,,0:00:00,,
628,,,,,,,,,,,,,0:00:00,,
629,,,,,,,,,,,,,0:00:00,,
630,,,,,,,,,,,,,0:00:00,,
631,,,,,,,,,,,,,0:00:00,,
632,,,,,,,,,,,,,0:00:00,,
633,,,,,,,,,,,,,0:00:00,,
634,,,,,,,,,,,,,0:00:00,,
635,,,,,,,,,,,,,0:00:00,,
636,,,,,,,,,,,,,0:00:00,,
637,,,,,,,,,,,,,0:00:00,,
638,,,,,,,,,,,,,0:00:00,,
639,,,,,,,,,,,,,0:00:00,,
640,,,,,,,,,,,,,0:00:00,,
641,,,,,,,,,,,,,0:00:00,,
642,,,,,,,,,,,,,0:00:00,,
643,,,,,,,,,,,,,0:00:00,,
644,,,,,,,,,,,,,0:00:00,,
645,,,,,,,,,,,,,0:00:00,,
646,,,,,,,,,,,,,0:00:00,,
647,,,,,,,,,,,,,0:00:00,,
648,,,,,,,,,,,,,0:00:00,,
649,,,,,,,,,,,,,0:00:00,,
650,,,,,,,,,,,,,0:00:00,,
651,,,,,,,,,,,,,0:00:00,,
652,,,,,,,,,,,,,0:00:00,,
653,,,,,,,,,,,,,0:00:00,,
654,,,,,,,,,,,,,0:00:00,,
655,,,,,,,,,,,,,0:00:00,,
656,,,,,,,,,,,,,0:00:00,,
657,,,,,,,,,,,,,0:00:00,,
658,,,,,,,,,,,,,0:00:00,,
659,,,,,,,,,,,,,0:00:00,,
660,,,,,,,,,,,,,0:00:00,,
661,,,,,,,,,,,,,0:00:00,,
662,,,,,,,,,,,,,0:00:00,,
663,,,,,,,,,,,,,0:00:00,,
664,,,,,,,,,,,,,0:00:00,,
665,,,,,,,,,,,,,0:00:00,,
666,,,,,,,,,,,,,0:00:00,,
667,,,,,,,,,,,,,0:00:00,,
668,,,,,,,,,,,,,0:00:00,,
669,,,,,,,,,,,,,0:00:00,,
670,,,,,,,,,,,,,0:00:00,,
671,,,,,,,,,,,,,0:00:00,,
672,,,,,,,,,,,,,0:00:00,,
673,,,,,,,,,,,,,0:00:00,,
674,,,,,,,,,,,,,0:00:00,,
675,,,,,,,,,,,,,0:00:00,,
676,,,,,,,,,,,,,0:00:00,,
677,,,,,,,,,,,,,0:00:00,,
678,,,,,,,,,,,,,0:00:00,,
679,,,,,,,,,,,,,0:00:00,,
680,,,,,,,,,,,,,0:00:00,,
681,,,,,,,,,,,,,0:00:00,,
682,,,,,,,,,,,,,0:00:00,,
683,,,,,,,,,,,,,0:00:00,,
684,,,,,,,,,,,,,0:00:00,,
685,,,,,,,,,,,,,0:00:00,,
686,,,,,,,,,,,,,0:00:00,,
687,,,,,,,,,,,,,0:00:00,,
688,,,,,,,,,,,,,0:00:00,,
689,,,,,,,,,,,,,0:00:00,,
690,,,,,,,,,,,,,0:00:00,,
691,,,,,,,,,,,,,0:00:00,,
692,,,,,,,,,,,,,0:00:00,,
693,,,,,,,,,,,,,0:00:00,,
694,,,,,,,,,,,,,0:00:00,,
695,,,,,,,,,,,,,0:00:00,,
696,,,,,,,,,,,,,0:00:00,,
697,,,,,,,,,,,,,0:00:00,,
698,,,,,,,,,,,,,0:00:00,,
699,,,,,,,,,,,,,0:00:00,,
700,,,,,,,,,,,,,0:00:00,,
701,,,,,,,,,,,,,0:00:00,,
702,,,,,,,,,,,,,0:00:00,,
703,,,,,,,,,,,,,0:00:00,,
704,,,,,,,,,,,,,0:00:00,,
705,,,,,,,,,,,,,0:00:00,,
706,,,,,,,,,,,,,0:00:00,,
707,,,,,,,,,,,,,0:00:00,,
708,,,,,,,,,,,,,0:00:00,,
709,,,,,,,,,,,,,0:00:00,,
710,,,,,,,,,,,,,0:00:00,,
711,,,,,,,,,,,,,0:00:00,,
712,,,,,,,,,,,,,0:00:00,,
713,,,,,,,,,,,,,0:00:00,,
714,,,,,,,,,,,,,0:00:00,,
715,,,,,,,,,,,,,0:00:00,,
716,,,,,,,,,,,,,0:00:00,,
717,,,,,,,,,,,,,0:00:00,,
718,,,,,,,,,,,,,0:00:00,,
719,,,,,,,,,,,,,0:00:00,,
720,,,,,,,,,,,,,0:00:00,,
721,,,,,,,,,,,,,0:00:00,,
722,,,,,,,,,,,,,0:00:00,,
723,,,,,,,,,,,,,0:00:00,,
724,,,,,,,,,,,,,0:00:00,,
725,,,,,,,,,,,,,0:00:00,,
726,,,,,,,,,,,,,0:00:00,,
727,,,,,,,,,,,,,0:00:00,,
728,,,,,,,,,,,,,0:00:00,,
729,,,,,,,,,,,,,0:00:00,,
730,,,,,,,,,,,,,0:00:00,,
731,,,,,,,,,,,,,0:00:00,,
732,,,,,,,,,,,,,0:00:00,,
733,,,,,,,,,,,,,0:00:00,,
734,,,,,,,,,,,,,0:00:00,,
735,,,,,,,,,,,,,0:00:00,,
736,,,,,,,,,,,,,0:00:00,,
737,,,,,,,,,,,,,0:00:00,,
738,,,,,,,,,,,,,0:00:00,,
739,,,,,,,,,,,,,0:00:00,,
740,,,,,,,,,,,,,0:00:00,,
741,,,,,,,,,,,,,0:00:00,,
742,,,,,,,,,,,,,0:00:00,,
743,,,,,,,,,,,,,0:00:00,,
744,,,,,,,,,,,,,0:00:00,,
745,,,,,,,,,,,,,0:00:00,,
746,,,,,,,,,,,,,0:00:00,,
747,,,,,,,,,,,,,0:00:00,,
748,,,,,,,,,,,,,0:00:00,,
749,,,,,,,,,,,,,0:00:00,,
750,,,,,,,,,,,,,0:00:00,,
751,,,,,,,,,,,,,0:00:00,,
752,,,,,,,,,,,,,0:00:00,,
753,,,,,,,,,,,,,0:00:00,,
754,,,,,,,,,,,,,0:00:00,,
755,,,,,,,,,,,,,0:00:00,,
756,,,,,,,,,,,,,0:00:00,,
757,,,,,,,,,,,,,0:00:00,,
758,,,,,,,,,,,,,0:00:00,,
759,,,,,,,,,,,,,0:00:00,,
760,,,,,,,,,,,,,0:00:00,,
761,,,,,,,,,,,,,0:00:00,,
762,,,,,,,,,,,,,0:00:00,,
763,,,,,,,,,,,,,0:00:00,,
764,,,,,,,,,,,,,0:00:00,,
765,,,,,,,,,,,,,0:00:00,,
766,,,,,,,,,,,,,0:00:00,,
767,,,,,,,,,,,,,0:00:00,,
768,,,,,,,,,,,,,0:00:00,,
769,,,,,,,,,,,,,0:00:00,,
770,,,,,,,,,,,,,0:00:00,,
771,,,,,,,,,,,,,0:00:00,,
772,,,,,,,,,,,,,0:00:00,,
773,,,,,,,,,,,,,0:00:00,,
774,,,,,,,,,,,,,0:00:00,,
775,,,,,,,,,,,,,0:00:00,,
776,,,,,,,,,,,,,0:00:00,,
777,,,,,,,,,,,,,0:00:00,,
778,,,,,,,,,,,,,0:00:00,,
779,,,,,,,,,,,,,0:00:00,,
780,,,,,,,,,,,,,0:00:00,,
781,,,,,,,,,,,,,0:00:00,,
782,,,,,,,,,,,,,0:00:00,,
783,,,,,,,,,,,,,0:00:00,,
784,,,,,,,,,,,,,0:00:00,,
785,,,,,,,,,,,,,0:00:00,,
786,,,,,,,,,,,,,0:00:00,,
787,,,,,,,,,,,,,0:00:00,,
788,,,,,,,,,,,,,0:00:00,,
789,,,,,,,,,,,,,0:00:00,,
790,,,,,,,,,,,,,0:00:00,,
791,,,,,,,,,,,,,0:00:00,,
792,,,,,,,,,,,,,0:00:00,,
793,,,,,,,,,,,,,0:00:00,,
794,,,,,,,,,,,,,0:00:00,,
795,,,,,,,,,,,,,0:00:00,,
796,,,,,,,,,,,,,0:00:00,,
797,,,,,,,,,,,,,0:00:00,,
798,,,,,,,,,,,,,0:00:00,,
799,,,,,,,,,,,,,0:00:00,,
800,,,,,,,,,,,,,0:00:00,,
801,,,,,,,,,,,,,0:00:00,,
802,,,,,,,,,,,,,0:00:00,,
803,,,,,,,,,,,,,0:00:00,,
804,,,,,,,,,,,,,0:00:00,,
805,,,,,,,,,,,,,0:00:00,,
806,,,,,,,,,,,,,0:00:00,,
807,,,,,,,,,,,,,0:00:00,,
808,,,,,,,,,,,,,0:00:00,,
809,,,,,,,,,,,,,0:00:00,,
810,,,,,,,,,,,,,0:00:00,,
811,,,,,,,,,,,,,0:00:00,,
812,,,,,,,,,,,,,0:00:00,,
813,,,,,,,,,,,,,0:00:00,,
814,,,,,,,,,,,,,0:00:00,,
815,,,,,,,,,,,,,0:00:00,,
816,,,,,,,,,,,,,0:00:00,,
817,,,,,,,,,,,,,0:00:00,,
818,,,,,,,,,,,,,0:00:00,,
819,,,,,,,,,,,,,0:00:00,,
820,,,,,,,,,,,,,0:00:00,,
821,,,,,,,,,,,,,0:00:00,,
822,,,,,,,,,,,,,0:00:00,,
823,,,,,,,,,,,,,0:00:00,,
824,,,,,,,,,,,,,0:00:00,,
825,,,,,,,,,,,,,0:00:00,,
826,,,,,,,,,,,,,0:00:00,,
827,,,,,,,,,,,,,0:00:00,,
828,,,,,,,,,,,,,0:00:00,,
829,,,,,,,,,,,,,0:00:00,,
830,,,,,,,,,,,,,0:00:00,,
831,,,,,,,,,,,,,0:00:00,,
832,,,,,,,,,,,,,0:00:00,,
833,,,,,,,,,,,,,0:00:00,,
834,,,,,,,,,,,,,0:00:00,,
835,,,,,,,,,,,,,0:00:00,,
836,,,,,,,,,,,,,0:00:00,,
837,,,,,,,,,,,,,0:00:00,,
838,,,,,,,,,,,,,0:00:00,,
839,,,,,,,,,,,,,0:00:00,,
840,,,,,,,,,,,,,0:00:00,,
841,,,,,,,,,,,,,0:00:00,,
842,,,,,,,,,,,,,0:00:00,,
843,,,,,,,,,,,,,0:00:00,,
844,,,,,,,,,,,,,0:00:00,,
845,,,,,,,,,,,,,0:00:00,,
846,,,,,,,,,,,,,0:00:00,,
847,,,,,,,,,,,,,0:00:00,,
848,,,,,,,,,,,,,0:00:00,,
849,,,,,,,,,,,,,0:00:00,,
850,,,,,,,,,,,,,0:00:00,,
851,,,,,,,,,,,,,0:00:00,,
852,,,,,,,,,,,,,0:00:00,,
853,,,,,,,,,,,,,0:00:00,,
854,,,,,,,,,,,,,0:00:00,,
855,,,,,,,,,,,,,0:00:00,,
856,,,,,,,,,,,,,0:00:00,,
857,,,,,,,,,,,,,0:00:00,,
858,,,,,,,,,,,,,0:00:00,,
859,,,,,,,,,,,,,0:00:00,,
860,,,,,,,,,,,,,0:00:00,,
861,,,,,,,,,,,,,0:00:00,,
862,,,,,,,,,,,,,0:00:00,,
863,,,,,,,,,,,,,0:00:00,,
864,,,,,,,,,,,,,0:00:00,,
865,,,,,,,,,,,,,0:00:00,,
866,,,,,,,,,,,,,0:00:00,,
867,,,,,,,,,,,,,0:00:00,,
868,,,,,,,,,,,,,0:00:00,,
869,,,,,,,,,,,,,0:00:00,,
870,,,,,,,,,,,,,0:00:00,,
871,,,,,,,,,,,,,0:00:00,,
872,,,,,,,,,,,,,0:00:00,,
873,,,,,,,,,,,,,0:00:00,,
874,,,,,,,,,,,,,0:00:00,,
875,,,,,,,,,,,,,0:00:00,,
876,,,,,,,,,,,,,0:00:00,,
877,,,,,,,,,,,,,0:00:00,,
878,,,,,,,,,,,,,0:00:00,,
879,,,,,,,,,,,,,0:00:00,,
880,,,,,,,,,,,,,0:00:00,,
881,,,,,,,,,,,,,0:00:00,,
882,,,,,,,,,,,,,0:00:00,,
883,,,,,,,,,,,,,0:00:00,,
884,,,,,,,,,,,,,0:00:00,,
885,,,,,,,,,,,,,0:00:00,,
886,,,,,,,,,,,,,0:00:00,,
887,,,,,,,,,,,,,0:00:00,,
888,,,,,,,,,,,,,0:00:00,,
889,,,,,,,,,,,,,0:00:00,,
890,,,,,,,,,,,,,0:00:00,,
891,,,,,,,,,,,,,0:00:00,,
892,,,,,,,,,,,,,0:00:00,,
893,,,,,,,,,,,,,0:00:00,,
894,,,,,,,,,,,,,0:00:00,,
895,,,,,,,,,,,,,0:00:00,,
896,,,,,,,,,,,,,0:00:00,,
897,,,,,,,,,,,,,0:00:00,,
898,,,,,,,,,,,,,0:00:00,,
899,,,,,,,,,,,,,0:00:00,,
900,,,,,,,,,,,,,0:00:00,,
901,,,,,,,,,,,,,0:00:00,,
902,,,,,,,,,,,,,0:00:00,,
903,,,,,,,,,,,,,0:00:00,,
904,,,,,,,,,,,,,0:00:00,,
905,,,,,,,,,,,,,0:00:00,,
906,,,,,,,,,,,,,0:00:00,,
907,,,,,,,,,,,,,0:00:00,,
908,,,,,,,,,,,,,0:00:00,,
909,,,,,,,,,,,,,0:00:00,,
910,,,,,,,,,,,,,0:00:00,,
911,,,,,,,,,,,,,0:00:00,,
912,,,,,,,,,,,,,0:00:00,,
913,,,,,,,,,,,,,0:00:00,,
914,,,,,,,,,,,,,0:00:00,,
915,,,,,,,,,,,,,0:00:00,,
916,,,,,,,,,,,,,0:00:00,,
917,,,,,,,,,,,,,0:00:00,,
918,,,,,,,,,,,,,0:00:00,,
919,,,,,,,,,,,,,0:00:00,,
920,,,,,,,,,,,,,0:00:00,,
921,,,,,,,,,,,,,0:00:00,,
922,,,,,,,,,,,,,0:00:00,,
923,,,,,,,,,,,,,0:00:00,,
924,,,,,,,,,,,,,0:00:00,,
925,,,,,,,,,,,,,0:00:00,,
926,,,,,,,,,,,,,0:00:00,,
927,,,,,,,,,,,,,0:00:00,,
928,,,,,,,,,,,,,0:00:00,,
929,,,,,,,,,,,,,0:00:00,,
930,,,,,,,,,,,,,0:00:00,,
931,,,,,,,,,,,,,0:00:00,,
932,,,,,,,,,,,,,0:00:00,,
933,,,,,,,,,,,,,0:00:00,,
934,,,,,,,,,,,,,0:00:00,,
935,,,,,,,,,,,,,0:00:00,,
936,,,,,,,,,,,,,0:00:00,,
937,,,,,,,,,,,,,0:00:00,,
938,,,,,,,,,,,,,0:00:00,,
939,,,,,,,,,,,,,0:00:00,,
940,,,,,,,,,,,,,0:00:00,,
941,,,,,,,,,,,,,0:00:00,,
942,,,,,,,,,,,,,0:00:00,,
943,,,,,,,,,,,,,0:00:00,,
944,,,,,,,,,,,,,0:00:00,,
945,,,,,,,,,,,,,0:00:00,,
946,,,,,,,,,,,,,0:00:00,,
947,,,,,,,,,,,,,0:00:00,,
948,,,,,,,,,,,,,0:00:00,,
949,,,,,,,,,,,,,0:00:00,,
950,,,,,,,,,,,,,0:00:00,,
951,,,,,,,,,,,,,0:00:00,,
952,,,,,,,,,,,,,0:00:00,,
953,,,,,,,,,,,,,0:00:00,,
954,,,,,,,,,,,,,0:00:00,,
955,,,,,,,,,,,,,0:00:00,,
956,,,,,,,,,,,,,0:00:00,,
957,,,,,,,,,,,,,0:00:00,,
958,,,,,,,,,,,,,0:00:00,,
959,,,,,,,,,,,,,0:00:00,,
960,,,,,,,,,,,,,0:00:00,,
961,,,,,,,,,,,,,0:00:00,,
962,,,,,,,,,,,,,0:00:00,,
963,,,,,,,,,,,,,0:00:00,,
964,,,,,,,,,,,,,0:00:00,,
965,,,,,,,,,,,,,0:00:00,,
966,,,,,,,,,,,,,0:00:00,,
967,,,,,,,,,,,,,0:00:00,,
968,,,,,,,,,,,,,0:00:00,,
969,,,,,,,,,,,,,0:00:00,,
970,,,,,,,,,,,,,0:00:00,,
971,,,,,,,,,,,,,0:00:00,,
972,,,,,,,,,,,,,0:00:00,,
973,,,,,,,,,,,,,0:00:00,,
974,,,,,,,,,,,,,0:00:00,,
975,,,,,,,,,,,,,0:00:00,,
976,,,,,,,,,,,,,0:00:00,,
977,,,,,,,,,,,,,0:00:00,,
978,,,,,,,,,,,,,0:00:00,,
979,,,,,,,,,,,,,0:00:00,,
980,,,,,,,,,,,,,0:00:00,,
981,,,,,,,,,,,,,0:00:00,,
982,,,,,,,,,,,,,0:00:00,,
983,,,,,,,,,,,,,0:00:00,,
984,,,,,,,,,,,,,0:00:00,,
985,,,,,,,,,,,,,0:00:00,,
986,,,,,,,,,,,,,0:00:00,,
987,,,,,,,,,,,,,0:00:00,,
988,,,,,,,,,,,,,0:00:00,,
989,,,,,,,,,,,,,0:00:00,,
990,,,,,,,,,,,,,0:00:00,,
991,,,,,,,,,,,,,0:00:00,,
992,,,,,,,,,,,,,0:00:00,,
993,,,,,,,,,,,,,0:00:00,,
994,,,,,,,,,,,,,0:00:00,,
995,,,,,,,,,,,,,0:00:00,,